labels,text
0,文学と芸術の世界では、言葉と色彩が深い感情を喚起し、人々の心に響く作品を生み出します。詩人は言葉を織り成し、画家はキャンバスに夢を描く。それぞれが独自の視点から、人間の経験の豊かさを探求しています。
0,古典文学は時を超えた普遍的なテーマを探求し、現代の読者にも深い共感を呼び起こします。愛、損失、勇気、裏切りなどのテーマは、数世紀を経てもなお、我々の心を動かし続けています。
0,アートギャラリーを歩くとき、それぞれの作品が語る物語に耳を傾けてみてください。画家の筆 strokes が、彼らの感情、思想、そしてその時代の社会的状況を映し出しているのです。
0,映画は、文学と視覚芸術の融合によって独特の魅力を持っています。脚本家の言葉と映像作家の視覚表現が一体となり、観る者を異なる世界へと誘います。
0,音楽は、感情を形にする芸術であり、聴く者の心に直接語りかける力を持っています。作曲家と演奏家は、音の組み合わせを通じて、言葉では表現しにくい感情の機微を捉えます。
0,現代アートは、伝統的な枠組みを超えて、新たな表現方法とアイデアを探求します。これは、社会の変化に対するアーティストの反応であり、観る者に新たな視点を提供します。
0,詩は、日常の言葉を超越した美しさを持ち、読者に深い感動を与えることができます。詩人は、短い篇幅の中で、人生の複雑さと美しさを凝縮して表現します。
0,劇場は、演技、台詞、舞台装置を通じて、観客を物語の世界へと引き込みます。生のパフォーマンスは、人間の感情をリアルタイムで体験させ、共感と理解を深める力があります。
0,文学作品を読むことは、異なる文化や時代を旅することに似ています。作家は自らの経験や観察を通じて、読者に未知の世界を紹介し、新たな視野を開かせてくれます。
0,芸術教育は、創造性と批判的思考を育む重要な役割を持っています。子供たちは絵を描いたり、物語を書いたりすることで、自己表現の力を養い、周囲の世界をより深く理解するようになります。
0,油彩のキャンバス上で、画家は光と影を操り、見る者の心に感動を呼び起こす風景を描き出します。この繊細な技術は、無言の言葉で強いメッセージを伝えます。
0,文学作品は時代を超えて読み継がれ、異なる文化背景を持つ読者にも普遍的な真実を語りかけます。古典から現代作品まで、文学は人類共通の価値を探求し続けています。
0,バレエの舞台上で、ダンサーたちは体を極限まで駆使して物語を紡ぎ出します。その優雅で力強い動きは、観る者を異世界へと誘います。
0,詩の一行一行には、作者の深い感情や考えが込められています。読み手によって異なる解釈が生まれることで、詩は無限の可能性を秘めています。
0,劇作家は、複雑な人間関係と社会的テーマを舞台上で巧みに表現します。劇場は、観客に思考と感情の旅を提供する場です。
0,写真は、一瞬の美しさや真実を捉える芸術形式です。一枚の写真が語る物語は、言葉では表現できないほど深い感動を与えることがあります。
0,音楽は、文化の違いを超えて人々を一つにする力を持っています。様々な楽器と声が織りなすハーモニーは、世界共通の言語です。
0,彫刻家は、石や金属を使って形と空間の関係を探求します。その作品は、質感、重量、バランスを通じて、見る者に強い印象を残します。
0,映像芸術は、映画、ビデオアート、アニメーションなど多岐にわたり、視覚的な表現の新たな可能性を切り拓いています。このジャンルは、常に進化し続ける芸術のフロンティアです。
0,アートインスタレーションは、空間全体を使った作品であり、観る者を作品の一部にします。このインタラクティブな体験は、芸術と観客の新しい関係を提示します。
1,科学と技術の進歩は、私たちの生活を根底から変えています。遺伝子編集技術の発展は、病気の治療法に革命をもたらし、未来の医療を大きく変える可能性を秘めています。
1,宇宙探査の新時代が到来しています。民間企業と政府機関が協力し、人類を月や火星に送る計画は、私たちの宇宙に対する理解を深め、新たなフロンティアへの扉を開いています。
1,人工知能は、複雑な問題解決から日常生活の便利さ向上まで、あらゆる分野に影響を及ぼしています。AI技術の発展により、未来の職場は大きく変化することでしょう。
1,再生可能エネルギーの技術革新により、太陽光発電や風力発電がより効率的になり、持続可能な未来への道が開かれています。これは、気候変動に対抗する上で欠かせない要素です。
1,ナノテクノロジーは、医療、エネルギー、環境保護など、多岐にわたる分野で革新をもたらしています。原子レベルでの材料操作により、これまで不可能だった技術の実現が可能になっています。
1,データサイエンスとビッグデータ分析の進化は、ビジネスの意思決定プロセスを変革し、より精度高い予測と戦略立案を可能にしています。この技術は、経済成長に不可欠な要素となっています。
1,量子コンピューティングは、計算の限界を押し広げ、薬品開発、材料科学、暗号解読など、多くの分野で革命を起こす可能性を持っています。この技術の実現は、コンピューター科学の未来を形作ります。
1,持続可能な開発のための技術は、資源の有効活用と環境保護のバランスを求めています。スマート農業やクリーンテクノロジーは、地球の未来を守るための鍵です。
1,サイバーセキュリティの強化は、デジタル化が進む現代社会において、ますます重要になっています。個人のプライバシー保護から国家レベルの安全保障まで、技術は安全な環境を守るために不可欠です。
1,3Dプリンティング技術の発展は、製造業から医療まで、多様な分野に影響を与えています。カスタマイズされた製品の生産や、臓器のバイオプリンティングは、この技術の革新的な応用例です。
2,社会科学は、人間の行動と社会構造の複雑な関係を解明することに焦点を当てています。経済、政治、文化などの相互作用が、個人の生活と社会全体にどのように影響を与えるかを探求します。
2,経済学は、資源の配分と利用に関する学問であり、市場の動きや政策が個人の福祉にどう影響するかを分析します。この知識は、より公平で持続可能な経済システムを構築する上で不可欠です。
2,心理学は、人間の思考、感情、行動の理解を深めることを目指しています。この学問は、精神衛生の改善から効果的なコミュニケーション戦略の開発まで、幅広い応用があります。
2,社会学は、社会の構造と動態、そしてそれが個人の行動や意識に与える影響を研究します。この学問は、社会的不平等や集団行動の理解を深めるのに役立ちます。
2,政治学は、政治システム、権力の分配、そして政治的意思決定プロセスを研究することで、より良いガバナンスと公正な社会を目指します。
2,人類学は、文化的多様性と人間行動の進化を探求することにより、私たちが互いにどのように関連しているかを理解するのに貢献します。
2,教育学は、教育プロセスとその社会的影響を研究し、すべての人に質の高い教育を提供するための戦略を開発します。教育は、社会的移動性の鍵とされています。
2,犯罪学は、犯罪の原因、影響、そして予防策を研究することにより、より安全な社会の実現を目指します。この学問は、法制度と社会政策に重要な洞察を提供します。
2,発展学は、途上国の経済成長と社会進化を促進するための戦略を研究します。貧困削減、教育の普及、健康の改善など、持続可能な発展の目標達成に貢献しています。
2,メディア研究は、メディアが個人の認識と社会的相互作用にどのように影響を与えるかを探求します。この学問は、情報の伝達方法とその社会的影響の理解を深めるのに役立ちます。
2,ナノテクノロジーの進化は、医療からエレクトロニクスまで、私たちの生活のあらゆる面に革命をもたらしています。原子レベルで物質を操ることで、以前は不可能だと思われた解決策が現実のものとなります。
2,クリーンエネルギー技術の発展により、再生可能資源からのエネルギー生産が加速しています。これは、気候変動への対応と持続可能な未来への大きな一歩を意味します。
2,バイオテクノロジーは、農業、医療、環境保護において、革新的な解決策を提供します。遺伝子編集技術により、食料生産の効率化や遺伝性疾患の治療が可能になっています。
2,仮想現実(VR)と拡張現実(AR)技術は、教育、エンターテインメント、医療など、多くの分野で新たな体験を提供します。これらの技術は、現実世界とデジタル世界の境界を曖昧にしています。
2,人工知能と機械学習の進展は、自動車から金融サービスまで、あらゆる業界に変革をもたらしています。これらの技術により、より高度なデータ分析と意思決定が可能になります。
2,宇宙探査技術の進歩は、火星への有人飛行や太陽系外の惑星探査を現実のものに近づけています。これらの探査は、宇宙に関する我々の知識を大きく広げます。
2,サイバーセキュリティは、デジタル時代における最前線の戦場です。ハッキングやデータ侵害から個人と企業を守るために、常に進化する脅威に対応する新技術が開発されています。
2,持続可能な技術の開発は、エネルギー消費の削減と環境保護に不可欠です。省エネルギーの建築材料や廃棄物管理システムは、地球への負担を軽減します。
2,3Dプリンティング技術は、カスタマイズされた製品の製造から医療用インプラントの開発まで、無限の可能性を秘めています。この技術は、製造業の未来を形作っています。
2,インターネットオブシングス(IoT)は、日常の物体をインターネットに接続することで、より賢く、効率的な生活を可能にします。家庭用機器から産業設備まで、IoTはあらゆるものをスマート化しています。
3,医学の進歩により、かつては不治の病とされた多くの疾患が治療可能となりました。最新の研究と技術は、がん治療、遺伝子療法、再生医療の分野で顕著な成果を上げています。
3,公衆衛生の取り組みは、予防接種や衛生状態の改善を通じて、伝染病の拡散を防ぎ、世界中の人々の生活を大きく向上させています。
3,心の健康は、全体の健康にとって不可欠な要素です。精神医学と心理療法の発展により、うつ病や不安障害などの精神的な問題に対する理解と治療方法が大きく進歩しています。
3,栄養学は、健康な生活に必要な食生活の知識を提供します。バランスの取れた食事は、慢性病の予防と全体的な健康の向上に不可欠です。
3,運動科学は、定期的な身体活動が健康維持にどのように貢献するかを研究しています。運動は、心臓病、糖尿病、肥満のリスクを低減させる効果があります。
3,老化研究は、健康な長寿を実現するための戦略を模索しています。この分野の研究により、加齢に伴う疾患の予防と生活の質の向上が期待されます。
3,デジタルヘルステクノロジーは、患者の健康管理を革新しています。ウェアラブルデバイスやモバイルアプリを使った遠隔医療は、医療へのアクセスを改善し、患者の満足度を高めています。
3,環境衛生は、健康に直接的な影響を与えます。清潔な水と空気、適切な廃棄物処理は、感染症のリスクを低減し、公衆衛生を向上させます。
3,医療倫理は、技術の進歩がもたらす課題に対処するために重要です。患者の権利とプライバシーの保護、公平な医療アクセスの確保は、医療提供者にとって不可欠な考慮事項です。
3,ヘルスケアシステムの改革は、より効果的で効率的な医療サービスを提供することを目指しています。保険制度の改善、医療費の削減、質の高いケアへのアクセス拡大が主な焦点です。
3,遠隔医療の普及は、特に地方や医療資源が限られている地域で、医療アクセスの改善を実現しています。患者は自宅から専門医の診察を受けることができ、医療の質の向上に寄与しています。
3,精密医療の進展により、個々の患者の遺伝子情報や生活習慣に基づいたパーソナライズされた治療が可能となっています。これは、特にがん治療などで効果を発揮し、副作用を最小限に抑えることができます。
3,予防医学の重要性が再認識されています。生活習慣病の予防に焦点を当てた公衆衛生の取り組みは、疾患の発症率を下げ、医療コストの削減に貢献しています。
3,メンタルヘルスに対する社会的な理解が深まり、精神疾患に対するスティグマが減少しつつあります。これにより、より多くの人々が必要なサポートと治療を受けることが可能になっています。
3,栄養と健康の関係に関する研究は、食品科学の進歩とともに、健康的な食生活の推進に寄与しています。バランスの取れた食事が慢性疾患の予防に及ぼす影響が、科学的に明らかにされています。
3,スマートウォッチやフィットネストラッカーなどのウェアラブルデバイスが健康管理に革命をもたらしています。これらのデバイスは、日常的な活動量や心拍数、睡眠パターンの追跡を可能にし、個人の健康意識の向上に貢献しています。
3,抗菌耐性問題は、世界的な公衆衛生の課題となっています。適切な抗生物質の使用と新しい抗菌薬の開発は、将来的な感染症の脅威に対処するために不可欠です。
3,生活習慣病の増加は、現代社会の大きな健康問題の一つです。運動不足、不健康な食生活、ストレスなどが原因となっており、これらの要因に対する包括的な対策が求められています。
3,高齢者医療は、高齢化社会の進展に伴い、ますます重要になっています。高齢者の質の高い生活を支えるためには、予防医学からリハビリテーション、介護まで、多面的なアプローチが必要です。
3,医療技術のイノベーションは、患者の治療結果を向上させるだけでなく、手術の安全性と効率を高めています。最先端の手術支援ロボットや画像診断技術は、より正確で安全な治療を実現しています。
4,グローバル経済の中で、企業は国際市場での競争力を高めるために、イノベーションと効率性の追求を続けています。技術の進歩は、生産性の向上とコスト削減の鍵となっています。
4,経済学は、限られた資源をどのように最適に配分するかを研究することで、社会の福祉を最大化する方法を提案します。マクロ経済とミクロ経済の分析は、政策立案に不可欠です。
4,スタートアップ企業の台頭は、経済に新たな活力をもたらしています。革新的なアイデアと事業モデルは、伝統的な業界に変革を促し、雇用の創出に貢献しています。
4,金融市場の動きは、経済の健康状態を反映し、個人投資家から大企業までの意思決定に影響を与えます。市場分析は、リスク管理と投資戦略の策定に不可欠です。
4,マーケティング戦略の進化は、デジタルメディアの活用により、消費者とのコミュニケーション方法を根本から変えています。ブランドのオンラインプレゼンスは、成功に不可欠な要素となっています。
4,サプライチェーン管理の最適化は、企業がコストを削減し、顧客への迅速なサービスを提供する上で重要です。透明性と効率の向上は、持続可能なビジネスモデルの基盤となります。
4,経済政策は、インフレ率の抑制、雇用の創出、経済成長の促進を目的としています。政府と中央銀行は、金融政策と財政政策を通じて、経済の安定を図ります。
4,企業倫理と社会的責任の重視は、消費者の信頼を獲得し、長期的なビジネス成功を確保するために不可欠です。持続可能な実践は、企業のブランド価値を高めます。
4,雇用市場の動向は、経済の健康状態を示す重要な指標です。技術の進歩による職業の変化は、労働力のスキルアップと再教育の必要性を高めています。
4,消費者行動の分析は、企業が市場の需要を理解し、製品やサービスを最適化するための重要なツールです。顧客のニーズと期待の変化を捉えることは、競争優位性を維持する上で不可欠です。
4,現代社会におけるジェンダー平等の進展は、社会科学研究の重要なテーマです。職場での機会均等から政策立案における女性の参画まで、ジェンダーの視点から社会を分析することが、より公平な社会構造の実現に貢献しています。
4,移民と多文化主義は、グローバル化が進む現代社会における中心的な議論です。社会科学者は、異文化間の相互作用が社会にどのような影響を及ぼすかを研究し、多文化共生の可能性を探求しています。
4,持続可能な都市開発は、急速に都市化が進む世界において重要な課題です。社会科学は、都市計画、環境保護、社会的包摂を統合したアプローチを通じて、未来の都市のビジョンを提案しています。
4,社会的不平等と貧困の問題は、経済的な側面だけでなく、教育、健康、住居といった多次元的な視点から考察する必要があります。社会科学は、これらの複合的な問題に対する包括的な解決策を模索しています。
4,デジタル時代のプライバシーと情報セキュリティは、社会科学の新たな研究フィールドです。テクノロジーの進展が個人の生活に及ぼす影響を理解し、適切な規制と倫理基準の確立を目指しています。
4,グローバル化に伴う経済的格差は、国際関係の緊張を高める原因となっています。社会科学は、経済発展と国際協力のバランスをどのように取るかについて、深い洞察を提供しています。
4,教育の格差が将来の社会的地位を決定づける現象、いわゆる「教育の再生産」は、社会学の研究で広く議論されています。教育アクセスの平等化に向けた政策が、より公正な社会を築く鍵となります。
4,地球温暖化と気候変動は、社会科学においても無視できないテーマです。環境政策の社会的受容性や、持続可能なライフスタイルへの移行を促す行動変容の研究が重要視されています。
4,デジタルメディアが社会運動に与える影響は、社会科学の注目点です。SNSが集団行動をどのように促進または阻害するかを分析し、新しい形の公共性を理解しようとしています。
4,労働市場の変化、特に非正規雇用の増加とその社会的影響は、社会科学者によって綿密に研究されています。雇用の質と生活の安定性に関する議論は、より良い労働政策の策定に繋がります。
5,旅行は、新しい文化を体験し、異なる生活様式を理解する貴重な機会を提供します。世界各地の美しい風景を探索することは、心を豊かにし、新たな視野を開くことに繋がります。
5,健康的なライフスタイルを送ることは、長期的な幸福感と生活の質の向上に不可欠です。バランスの取れた食事、定期的な運動、十分な睡眠は、良好な健康状態を維持する基本です。
5,趣味を持つことは、ストレスの軽減と自己表現の手段を提供します。絵画、写真、音楽など、創造的な活動は、精神的な充実感を与え、生活に彩りを加えます。
5,スポーツとアウトドア活動は、身体的健康だけでなく、チームワークと自己超越の精神を育む機会を提供します。自然の中で過ごす時間は、心身のリフレッシュに最適です。
5,料理は、家族や友人との絆を深める活動です。異なる料理を学ぶことは、文化的な理解を広げると同時に、新しい味わいを楽しむ喜びをもたらします。
5,持続可能なライフスタイルの実践は、地球環境に対する意識を高めます。エコフレンドリーな製品の使用やリサイクルの推進は、未来の世代のための健全な環境を保つために重要です。
5,デジタルデトックスは、現代生活における重要な概念となっています。スマートフォンやコンピュータから離れる時間を設けることで、リアルな人間関係の深化と精神的な平穏を得ることができます。
5,ファッションと美容は、自己表現の強力な手段です。個人のスタイルを追求することは、自信の向上に繋がり、ポジティブな自己イメージを育むことができます。
5,読書は、知識を広げるだけでなく、心を落ち着かせる効果もあります。様々なジャンルの書籍に触れることは、想像力を豊かにし、人生のさまざまな側面に対する理解を深めます。
5,ペットとの生活は、愛と癒しをもたらします。動物との交流は、ストレスの軽減に役立ち、日常生活に喜びと活力を与えます。
5,ヨガと瞑想の実践は、現代人のストレス管理において重要な役割を果たしています。これらの古代から伝わる技法は、心身のバランスを整え、日々の生活に平和と調和をもたらします。
5,エコツーリズムの人気が高まっています。自然を尊重し、地域社会を支援する旅行は、持続可能なレジャー活動の模範となっており、環境意識の高い旅行者に選ばれています。
5,ガーデニングは、趣味としての楽しみだけでなく、都市部におけるグリーンスペースの重要性を再認識させています。自宅の庭や共有スペースでの植物栽培は、生態系への貢献と精神的な満足感の両方を提供します。
5,サステナブルファッションへの関心が高まり、消費者は環境に優しい素材や倫理的な製造プロセスを持つ衣服を選ぶようになっています。この動きは、ファッション業界にポジティブな変化を促しています。
5,ホームオフィスとフレキシブルワークの普及は、仕事とプライベートのバランスを取る新しいライフスタイルを生み出しています。効率的な時間管理と自宅での快適な仕事環境が、生産性と満足度の向上に繋がっています。
5,アーバンエクスプローラー、すなわち都市探索は、近年のレジャートレンドの一つです。未発見の街角や歴史的建造物を訪れることで、地元の文化や歴史に深く触れることができます。
5,DIY（Do It Yourself）プロジェクトの人気が再燃しています。自分の手で何かを作る喜びは、創造性を刺激し、個人のスキルを向上させるだけでなく、環境意識を高める効果もあります。
5,スローフード運動が、忙しい現代生活の中で重要性を増しています。地元産の食材を使用した手作りの食事は、健康的なライフスタイルを促進し、地域経済を支援します。
5,自転車利用の増加は、健康、環境保護、経済性の三つの側面から都市交通の未来を再定義しています。自転車は、都市部における持続可能な移動手段として注目されています。
5,ペットとの共生は、多くの人々にとって重要なライフスタイルの一部となっています。動物との絆は、心の健康を支え、日常生活に喜びと慰めを提供します。